summary_stat_type,data_source_i,class_collection_i,random_sample_i,replication_i,dem_dist_i,informed_consent_i,data_public_i,irb_i,ground_truth_size_i,ground_truth_discussion_i,limitations_i,preprocess_anonymity_i,preprocess_drop_i,preprocess_missing_values_i,preprocess_noise_i,preprocess_text_i,preprocess_feature_reconstruction_i,ethics_section_i,%_of_idealized
count,50.0,50.0,50.0,50.0,50.0,50.0,50.0,50.0,50.0,50.0,50.0,50.0,50.0,50.0,50.0,50.0,50.0,50.0,50.0
mean,1.96,1.94,1.6,1.62,0.96,0.56,1.22,0.78,1.9,1.94,1.06,0.84,1.08,0.2,0.66,0.96,0.98,0.6,65.1875
std,0.19794866372215747,0.23989793748209529,0.7284313590846837,0.530306034093445,0.9889181885643876,0.8843307166024094,0.9538322275784915,0.9749934589000888,0.30304576336566347,0.23989793748209526,0.9127218768550452,0.9553287712743135,0.92228642237537,0.5714285714285713,0.8715456595811227,0.9889181885643876,0.8687311883149009,0.8329931278350428,15.400297547152013
min,1.0,1.0,0.0,0.0,0.0,0.0,0.0,0.0,1.0,1.0,0.0,0.0,0.0,0.0,0.0,0.0,0.0,0.0,31.25
25%,2.0,2.0,1.25,1.0,0.0,0.0,0.0,0.0,2.0,2.0,0.0,0.0,0.0,0.0,0.0,0.0,0.0,0.0,53.90625
50%,2.0,2.0,2.0,2.0,0.5,0.0,2.0,0.0,2.0,2.0,1.0,0.0,1.0,0.0,0.0,0.5,1.0,0.0,65.625
75%,2.0,2.0,2.0,2.0,2.0,1.75,2.0,2.0,2.0,2.0,2.0,2.0,2.0,0.0,1.75,2.0,2.0,1.0,77.34375
max,2.0,2.0,2.0,2.0,2.0,2.0,2.0,2.0,2.0,2.0,2.0,2.0,2.0,2.0,2.0,2.0,2.0,2.0,106.25
