summary_stat_type,data_source_i,class_collection_i,random_sample_i,replication_i,dem_dist_i,informed_consent_i,data_public_i,irb_i,ground_truth_size_i,ground_truth_discussion_i,limitations_i,preprocess_anonymity_i,preprocess_drop_i,preprocess_missing_values_i,preprocess_noise_i,preprocess_text_i,preprocess_feature_reconstruction_i,ethics_section_i,%_of_idealized
count,50.0,50.0,50.0,50.0,50.0,50.0,50.0,50.0,50.0,50.0,50.0,50.0,50.0,50.0,50.0,50.0,50.0,50.0,50.0
mean,1.96,1.94,1.6,0.96,0.96,0.56,1.22,0.78,1.9,1.94,1.08,0.84,1.04,0.2,0.66,1.04,1.02,0.6,63.375
std,0.19794866372215747,0.23989793748209529,0.7284313590846837,0.6688399948982643,0.9889181885643876,0.8843307166024094,0.9538322275784915,0.9749934589000888,0.30304576336566347,0.23989793748209526,0.92228642237537,0.9553287712743135,0.9249379460707801,0.5714285714285713,0.8715456595811227,0.9680613912055669,0.8687311883149009,0.8329931278350428,14.328062232798223
min,1.0,1.0,0.0,0.0,0.0,0.0,0.0,0.0,1.0,1.0,0.0,0.0,0.0,0.0,0.0,0.0,0.0,0.0,34.375
25%,2.0,2.0,1.25,1.0,0.0,0.0,0.0,0.0,2.0,2.0,0.0,0.0,0.0,0.0,0.0,0.0,0.0,0.0,50.78125
50%,2.0,2.0,2.0,1.0,0.5,0.0,2.0,0.0,2.0,2.0,1.0,0.0,1.0,0.0,0.0,1.0,1.0,0.0,65.625
75%,2.0,2.0,2.0,1.0,2.0,1.75,2.0,2.0,2.0,2.0,2.0,2.0,2.0,0.0,1.75,2.0,2.0,1.0,71.875
max,2.0,2.0,2.0,2.0,2.0,2.0,2.0,2.0,2.0,2.0,2.0,2.0,2.0,2.0,2.0,2.0,2.0,2.0,100.0
