summary_stat_type,data_source_i,class_collection_i,random_sample_i,replication_i,dem_dist_i,informed_consent_i,data_public_i,irb_i,ground_truth_size_i,ground_truth_discussion_i,limitations_i,preprocess_anonymity_i,preprocess_drop_i,preprocess_missing_values_i,preprocess_noise_i,preprocess_text_i,ethics_section_i,%_of_idealized
count,50.0,50.0,50.0,50.0,50.0,50.0,50.0,50.0,50.0,50.0,50.0,50.0,50.0,50.0,50.0,50.0,50.0,50.0
mean,1.96,1.94,1.6,1.62,0.96,0.56,1.22,0.78,1.9,1.94,0.96,0.82,1.06,0.06,0.62,0.92,0.62,65.1333333332
std,0.19794866372215747,0.23989793748209529,0.7284313590846837,0.530306034093445,0.9889181885643876,0.8843307166024094,0.9538322275784915,0.9749934589000888,0.30304576336566347,0.23989793748209526,0.9026039427960753,0.9623525596056741,0.9127218768550451,0.3136356914300019,0.8545197959278958,0.9864386572361185,0.8545197959278957,16.01034246307899
min,1.0,1.0,0.0,0.0,0.0,0.0,0.0,0.0,1.0,1.0,0.0,0.0,0.0,0.0,0.0,0.0,0.0,33.33333333
25%,2.0,2.0,1.25,1.0,0.0,0.0,0.0,0.0,2.0,2.0,0.0,0.0,0.0,0.0,0.0,0.0,0.0,53.33333333
50%,2.0,2.0,2.0,2.0,0.5,0.0,2.0,0.0,2.0,2.0,1.0,0.0,1.0,0.0,0.0,0.0,0.0,66.66666667
75%,2.0,2.0,2.0,2.0,2.0,1.75,2.0,2.0,2.0,2.0,2.0,2.0,2.0,0.0,1.0,2.0,1.0,76.66666667
max,2.0,2.0,2.0,2.0,2.0,2.0,2.0,2.0,2.0,2.0,2.0,2.0,2.0,2.0,2.0,2.0,2.0,100.0
