summary_stat_type,Num_Researchers,Choudhury,Drezde,Coppersmith,data_source_i,class_collection_i,random_sample_i,replication_i,dem_dist_i,informed_consent_i,data_public_i,irb_i,ground_truth_size_i,ground_truth_discussion_i,limitations_i,preprocess_anonymity_i,preprocess_drop_i,preprocess_missing_values_i,preprocess_noise_i,preprocess_text_i,preprocess_feature_reconstruction_i,ethics_section_i,%_of_idealized
count,50.0,50.0,50.0,50.0,50.0,50.0,50.0,50.0,50.0,50.0,50.0,50.0,50.0,50.0,50.0,50.0,50.0,50.0,50.0,50.0,50.0,50.0,50.0
mean,4.42,0.26,0.14,0.2,1.96,1.94,1.6,0.96,0.96,0.56,1.22,0.78,1.9,1.94,1.4,0.84,1.04,0.2,0.68,1.3,1.02,0.6,65.25
std,2.0312859102006278,0.4430874976934521,0.35050983275386544,0.4040610178208844,0.19794866372215747,0.23989793748209529,0.7284313590846837,0.6688399948982643,0.9889181885643876,0.8843307166024094,0.9538322275784915,0.9749934589000888,0.30304576336566347,0.23989793748209526,0.8081220356417685,0.9553287712743135,0.9249379460707801,0.5714285714285713,0.8907689867497082,0.8864052604279182,0.8687311883149009,0.8329931278350428,14.098098366482638
min,2.0,0.0,0.0,0.0,1.0,1.0,0.0,0.0,0.0,0.0,0.0,0.0,1.0,1.0,0.0,0.0,0.0,0.0,0.0,0.0,0.0,0.0,34.375
25%,3.0,0.0,0.0,0.0,2.0,2.0,1.25,1.0,0.0,0.0,0.0,0.0,2.0,2.0,1.0,0.0,0.0,0.0,0.0,0.0,0.0,0.0,56.25
50%,4.0,0.0,0.0,0.0,2.0,2.0,2.0,1.0,0.5,0.0,2.0,0.0,2.0,2.0,2.0,0.0,1.0,0.0,0.0,2.0,1.0,0.0,65.625
75%,5.75,0.75,0.0,0.0,2.0,2.0,2.0,1.0,2.0,1.75,2.0,2.0,2.0,2.0,2.0,2.0,2.0,0.0,2.0,2.0,2.0,1.0,74.21875
max,11.0,1.0,1.0,1.0,2.0,2.0,2.0,2.0,2.0,2.0,2.0,2.0,2.0,2.0,2.0,2.0,2.0,2.0,2.0,2.0,2.0,2.0,100.0
