summary_stat_type,data_source_cs,class_collection_cs,dem_dist_cs,irb_cs,ground_truth_size_cs,ground_truth_discussion_cs,preprocess_drop_cs,%_of_cs
count,50.0,50.0,50.0,50.0,50.0,50.0,50.0,50.0
mean,1.96,1.94,0.96,0.78,1.92,1.94,1.08,75.57142857100001
std,0.19794866372215747,0.23989793748209529,0.9889181885643876,0.9749934589000888,0.2740475156178697,0.23989793748209526,0.8998866141727784,14.292272546950322
min,1.0,1.0,0.0,0.0,1.0,1.0,0.0,42.85714286
25%,2.0,2.0,0.0,0.0,2.0,2.0,0.0,64.28571429
50%,2.0,2.0,0.5,0.0,2.0,2.0,1.0,78.57142857
75%,2.0,2.0,2.0,2.0,2.0,2.0,2.0,85.71428571
max,2.0,2.0,2.0,2.0,2.0,2.0,2.0,100.0
