summary_stat_type,data_source_ph,class_collection_ph,dem_dist_ph,informed_consent_ph,irb_ph,ground_truth_size_ph,ground_truth_discussion_ph,%_of_ph
count,50.0,50.0,50.0,50.0,50.0,50.0,50.0,50.0
mean,1.96,1.94,0.96,0.52,0.74,1.92,1.94,71.285714285
std,0.19794866372215747,0.23989793748209529,0.9889181885643876,0.8628382211737997,0.9648939880439019,0.2740475156178697,0.23989793748209526,14.68040765823177
min,1.0,1.0,0.0,0.0,0.0,1.0,1.0,42.85714286
25%,2.0,2.0,0.0,0.0,0.0,2.0,2.0,57.14285714
50%,2.0,2.0,0.5,0.0,0.0,2.0,2.0,71.42857143
75%,2.0,2.0,2.0,1.0,2.0,2.0,2.0,85.71428571
max,2.0,2.0,2.0,2.0,2.0,2.0,2.0,100.0
