summary_stat_type,data_source_ph,class_collection_ph,random_sample_ph,replication_ph,dem_dist_ph,informed_consent_ph,irb_ph,ground_truth_size_ph,ground_truth_discussion_ph,%_of_ph
count,50.0,50.0,50.0,50.0,50.0,50.0,50.0,50.0,50.0,50.0
mean,1.96,1.94,1.6,1.62,0.96,0.52,0.74,1.92,1.94,73.333333334
std,0.19794866372215747,0.23989793748209529,0.7284313590846837,0.530306034093445,0.9889181885643876,0.8628382211737997,0.9648939880439019,0.2740475156178697,0.23989793748209526,12.992623446815434
min,1.0,1.0,0.0,0.0,0.0,0.0,0.0,1.0,1.0,50.0
25%,2.0,2.0,1.25,1.0,0.0,0.0,0.0,2.0,2.0,62.5
50%,2.0,2.0,2.0,2.0,0.5,0.0,0.0,2.0,2.0,72.22222222
75%,2.0,2.0,2.0,2.0,2.0,1.0,2.0,2.0,2.0,83.33333333
max,2.0,2.0,2.0,2.0,2.0,2.0,2.0,2.0,2.0,100.0
